frame ; y ; z ; x 
frame ; y ; z ; x 
frame ; y ; z ; x 
frame ; y ; z ; x 
frame ; y ; z ; x 
frame ; y ; z ; x 
frame ; y ; z ; x 
frame ; y ; z ; x 
frame ; y ; z ; x 
frame ; y ; z ; x 
frame ; y ; z ; x 
frame ; y ; z ; x 
frame ; y ; z ; x 
frame ; y ; z ; x 
frame ; y ; z ; x 
frame ; y ; z ; x 
frame ; y ; z ; x 
frame ; y ; z ; x 
frame ; y ; z ; x 
frame ; y ; z ; x 
frame ; y ; z ; x 
frame ; y ; z ; x 
frame ; y ; z ; x 
frame ; y ; z ; x 
frame ; y ; z ; x 
frame ; y ; z ; x 
frame ; y ; z ; x 
frame ; y ; z ; x 
frame ; y ; z ; x 
frame ; y ; z ; x 
frame ; y ; z ; x 
frame ; y ; z ; x 
frame ; y ; z ; x 
frame ; y ; z ; x 
frame ; y ; z ; x 
frame ; y ; z ; x 
frame ; y ; z ; x 
frame ; y ; z ; x 
frame ; y ; z ; x 
frame ; y ; z ; x 
frame ; y ; z ; x 
frame ; y ; z ; x 
frame ; y ; z ; x 
frame ; y ; z ; x 
frame ; y ; z ; x 
frame ; y ; z ; x 
frame ; y ; z ; x 
frame ; y ; z ; x 
frame ; y ; z ; x 
frame ; y ; z ; x 
frame ; y ; z ; x 
frame ; y ; z ; x 
frame ; y ; z ; x 
frame ; y ; z ; x 
frame ; y ; z ; x 
frame ; y ; z ; x 
frame ; y ; z ; x 
frame ; y ; z ; x 
frame ; y ; z ; x 
frame ; y ; z ; x 
frame ; y ; z ; x 
frame ; y ; z ; x 
frame ; y ; z ; x 
frame ; y ; z ; x 
frame ; y ; z ; x 
frame ; y ; z ; x 
frame ; y ; z ; x 
frame ; y ; z ; x 
frame ; y ; z ; x 
frame ; y ; z ; x 
frame ; y ; z ; x 
frame ; y ; z ; x 
frame ; y ; z ; x 
frame ; y ; z ; x 
frame ; y ; z ; x 
frame ; y ; z ; x 
76;0.0402654;0.0224475;-0.0748827
76;0.958912;0.268889;0.230295
76;1.60903;0.308584;-0.0086874
76;1.63202;0.337339;-0.208911
76;2.26554;0.085678;2.30113
76;2.28577;0.198274;2.33273
76;2.2994;0.316633;2.3636
76;2.30558;0.441114;2.39365
76;0.0346282;0.0278008;-0.0754958
76;0.93452;0.310226;0.257892
76;1.59213;0.367502;-0.0103322
76;1.6006;0.454581;-0.162569
76;2.25402;0.19552;2.30033
76;2.15009;0.357311;2.41684
76;2.15108;0.482452;2.44768
76;2.14277;0.614502;2.47751
76;0.0435344;0.0181011;-0.0745327
76;0.971539;0.231001;0.231551
76;1.62064;0.254382;-0.0556138
76;1.64775;0.277442;-0.207404
76;2.27141;-0.0217606;2.30131
76;2.29745;0.0868848;2.33354
76;2.31752;0.201028;2.36512
76;2.3309;0.32097;2.39598
frame ; y ; z ; x 
77;0.0402654;0.0224475;-0.0748827
77;0.958912;0.268889;0.230295
77;1.60903;0.308584;-0.0086874
77;1.63202;0.337339;-0.208911
77;2.24768;0.423744;0.188822
77;2.26554;0.085678;2.30113
77;2.28577;0.198274;2.33273
77;2.2994;0.316633;2.3636
77;2.30558;0.441114;2.39365
77;0.0346282;0.0278008;-0.0754958
77;1.59213;0.367502;-0.0103322
77;1.6006;0.454581;-0.162569
77;2.22463;0.505972;0.186587
77;2.25402;0.19552;2.30033
77;2.15009;0.357311;2.41684
77;2.15108;0.482452;2.44768
77;2.14277;0.614502;2.47751
77;0.0435344;0.0181011;-0.0745327
77;0.971539;0.231001;0.231551
77;1.62064;0.254382;-0.0556138
77;1.64775;0.277442;-0.207404
77;2.24768;0.423744;0.188822
77;2.27141;-0.0217606;2.30131
77;2.29745;0.0868848;2.33354
77;2.31752;0.201028;2.36512
77;2.3309;0.32097;2.39598
frame ; y ; z ; x 
78;0.0402654;0.0224475;-0.0748827
78;0.958912;0.268889;0.230295
78;1.60903;0.308584;-0.0086874
78;1.63202;0.337339;-0.208911
78;2.26554;0.085678;2.30113
78;2.28577;0.198274;2.33273
78;2.2994;0.316633;2.3636
78;2.30558;0.441114;2.39365
78;0.0346282;0.0278008;-0.0754958
78;1.59213;0.367502;-0.0103322
78;1.6006;0.454581;-0.162569
78;2.22463;0.505972;0.186587
78;2.25402;0.19552;2.30033
78;2.15009;0.357311;2.41684
78;2.15108;0.482452;2.44768
78;2.14277;0.614502;2.47751
78;0.0435344;0.0181011;-0.0745327
78;1.62064;0.254382;-0.0556138
78;1.64775;0.277442;-0.207404
78;2.27141;-0.0217606;2.30131
78;2.29745;0.0868848;2.33354
78;2.31752;0.201028;2.36512
78;2.3309;0.32097;2.39598
frame ; y ; z ; x 
79;0.0402654;0.0224475;-0.0748827
79;0.958912;0.268889;0.230295
79;1.60903;0.308584;-0.0086874
79;1.62248;0.392069;-0.160377
79;2.22463;0.505972;0.186587
79;2.26554;0.085678;2.30113
79;2.28577;0.198274;2.33273
79;2.2994;0.316633;2.3636
79;2.30558;0.441114;2.39365
79;0.0346282;0.0278008;-0.0754958
79;0.93452;0.310226;0.257892
79;1.59213;0.367502;-0.0103322
79;1.6006;0.454581;-0.162569
79;2.22463;0.505972;0.186587
79;2.25402;0.19552;2.30033
79;2.15009;0.357311;2.41684
79;2.15108;0.482452;2.44768
79;2.14277;0.614502;2.47751
79;0.0435344;0.0181011;-0.0745327
79;0.971539;0.231001;0.231551
79;1.62064;0.254382;-0.0556138
79;1.64775;0.277442;-0.207404
79;2.24768;0.423744;0.188822
79;2.27141;-0.0217606;2.30131
79;2.29745;0.0868848;2.33354
79;2.31752;0.201028;2.36512
79;2.3309;0.32097;2.39598
frame ; y ; z ; x 
80;0.0402654;0.0224475;-0.0748827
80;0.958912;0.268889;0.230295
80;1.60903;0.308584;-0.0086874
80;1.63202;0.337339;-0.208911
80;2.24768;0.423744;0.188822
80;2.26554;0.085678;2.30113
80;2.28577;0.198274;2.33273
80;2.2994;0.316633;2.3636
80;2.30558;0.441114;2.39365
80;0.0346282;0.0278008;-0.0754958
80;0.93452;0.310226;0.257892
80;1.59213;0.367502;-0.0103322
80;1.6006;0.454581;-0.162569
80;2.25402;0.19552;2.30033
80;2.15009;0.357311;2.41684
80;2.15108;0.482452;2.44768
80;2.14277;0.614502;2.47751
80;0.0435344;0.0181011;-0.0745327
80;0.971539;0.231001;0.231551
80;1.62064;0.254382;-0.0556138
80;1.64775;0.277442;-0.207404
80;2.24768;0.423744;0.188822
80;2.27141;-0.0217606;2.30131
80;2.29745;0.0868848;2.33354
80;2.31752;0.201028;2.36512
80;2.3309;0.32097;2.39598
frame ; y ; z ; x 
81;0.0402654;0.0224475;-0.0748827
81;0.958912;0.268889;0.230295
81;1.60903;0.308584;-0.0086874
81;1.63202;0.337339;-0.208911
81;2.22463;0.505972;0.186587
81;2.26554;0.085678;2.30113
81;2.28577;0.198274;2.33273
81;2.2994;0.316633;2.3636
81;2.30558;0.441114;2.39365
81;0.0346282;0.0278008;-0.0754958
81;0.93452;0.310226;0.257892
81;1.59213;0.367502;-0.0103322
81;1.6006;0.454581;-0.162569
81;2.22463;0.505972;0.186587
81;2.25402;0.19552;2.30033
81;2.15009;0.357311;2.41684
81;2.15108;0.482452;2.44768
81;2.14277;0.614502;2.47751
81;0.0435344;0.0181011;-0.0745327
81;1.62064;0.254382;-0.0556138
81;1.64775;0.277442;-0.207404
81;2.24768;0.423744;0.188822
81;2.27141;-0.0217606;2.30131
81;2.29745;0.0868848;2.33354
81;2.31752;0.201028;2.36512
81;2.3309;0.32097;2.39598
frame ; y ; z ; x 
82;0.0402654;0.0224475;-0.0748827
82;0.958912;0.268889;0.230295
82;1.60903;0.308584;-0.0086874
82;1.63202;0.337339;-0.208911
82;2.26554;0.085678;2.30113
82;2.28577;0.198274;2.33273
82;2.2994;0.316633;2.3636
82;2.30558;0.441114;2.39365
82;0.0346282;0.0278008;-0.0754958
82;0.93452;0.310226;0.257892
82;1.59213;0.367502;-0.0103322
82;1.6006;0.454581;-0.162569
82;2.25402;0.19552;2.30033
82;2.15009;0.357311;2.41684
82;2.15108;0.482452;2.44768
82;2.14277;0.614502;2.47751
82;0.0272308;0.0251754;-0.0790866
82;0.971539;0.231001;0.231551
82;1.62064;0.254382;-0.0556138
82;1.64775;0.277442;-0.207404
82;2.27141;-0.0217606;2.30131
82;2.29745;0.0868848;2.33354
82;2.31752;0.201028;2.36512
82;2.3309;0.32097;2.39598
frame ; y ; z ; x 
83;0.0402654;0.0224475;-0.0748827
83;0.958912;0.268889;0.230295
83;1.60903;0.308584;-0.0086874
83;1.63202;0.337339;-0.208911
83;2.24768;0.423744;0.188822
83;2.26554;0.085678;2.30113
83;2.28577;0.198274;2.33273
83;2.2994;0.316633;2.3636
83;2.30558;0.441114;2.39365
83;0.0346282;0.0278008;-0.0754958
83;0.93452;0.310226;0.257892
83;1.59213;0.367502;-0.0103322
83;1.6006;0.454581;-0.162569
83;2.22463;0.505972;0.186587
83;2.25402;0.19552;2.30033
83;2.15009;0.357311;2.41684
83;2.15108;0.482452;2.44768
83;2.14277;0.614502;2.47751
83;0.0435344;0.0181011;-0.0745327
83;0.971539;0.231001;0.231551
83;1.62064;0.254382;-0.0556138
83;1.64775;0.277442;-0.207404
83;2.24768;0.423744;0.188822
83;2.27141;-0.0217606;2.30131
83;2.29745;0.0868848;2.33354
83;2.31752;0.201028;2.36512
83;2.3309;0.32097;2.39598
frame ; y ; z ; x 
84;0.0402654;0.0224475;-0.0748827
84;0.958912;0.268889;0.230295
84;1.60903;0.308584;-0.0086874
84;1.63202;0.337339;-0.208911
84;2.24768;0.423744;0.188822
84;2.26554;0.085678;2.30113
84;2.28577;0.198274;2.33273
84;2.2994;0.316633;2.3636
84;2.30558;0.441114;2.39365
84;0.0346282;0.0278008;-0.0754958
84;0.93452;0.310226;0.257892
84;1.5465;0.352261;0.0831744
84;1.59213;0.367502;-0.0103322
84;1.6006;0.454581;-0.162569
84;2.22463;0.505972;0.186587
84;2.25402;0.19552;2.30033
84;2.15009;0.357311;2.41684
84;2.15108;0.482452;2.44768
84;2.14277;0.614502;2.47751
84;0.0435344;0.0181011;-0.0745327
84;0.971539;0.231001;0.231551
84;1.56373;0.29708;0.0382492
84;1.62064;0.254382;-0.0556138
84;1.64775;0.277442;-0.207404
84;2.24768;0.423744;0.188822
84;2.27141;-0.0217606;2.30131
84;2.29745;0.0868848;2.33354
84;2.31752;0.201028;2.36512
84;2.3309;0.32097;2.39598
frame ; y ; z ; x 
85;0.0402654;0.0224475;-0.0748827
85;0.958912;0.268889;0.230295
85;1.60903;0.308584;-0.0086874
85;1.62248;0.392069;-0.160377
85;1.63202;0.337339;-0.208911
85;2.22463;0.505972;0.186587
85;2.26554;0.085678;2.30113
85;2.28577;0.198274;2.33273
85;2.2994;0.316633;2.3636
85;2.30558;0.441114;2.39365
85;0.0346282;0.0278008;-0.0754958
85;0.93452;0.310226;0.257892
85;1.59213;0.367502;-0.0103322
85;1.6006;0.454581;-0.162569
85;2.22463;0.505972;0.186587
85;2.25402;0.19552;2.30033
85;2.15009;0.357311;2.41684
85;2.15108;0.482452;2.44768
85;2.14277;0.614502;2.47751
85;0.0435344;0.0181011;-0.0745327
85;0.971539;0.231001;0.231551
85;1.62064;0.254382;-0.0556138
85;1.64775;0.277442;-0.207404
85;2.24768;0.423744;0.188822
85;2.27141;-0.0217606;2.30131
85;2.29745;0.0868848;2.33354
85;2.31752;0.201028;2.36512
85;2.3309;0.32097;2.39598
frame ; y ; z ; x 
86;0.0402654;0.0224475;-0.0748827
86;0.958912;0.268889;0.230295
86;1.60903;0.308584;-0.0086874
86;1.63202;0.337339;-0.208911
86;2.22463;0.505972;0.186587
86;2.26554;0.085678;2.30113
86;2.28577;0.198274;2.33273
86;2.2994;0.316633;2.3636
86;2.30558;0.441114;2.39365
86;0.0346282;0.0278008;-0.0754958
86;0.93452;0.310226;0.257892
86;1.59213;0.367502;-0.0103322
86;1.6006;0.454581;-0.162569
86;2.22463;0.505972;0.186587
86;2.25402;0.19552;2.30033
86;2.15009;0.357311;2.41684
86;2.15108;0.482452;2.44768
86;2.14277;0.614502;2.47751
86;0.0435344;0.0181011;-0.0745327
86;0.971539;0.231001;0.231551
86;1.62064;0.254382;-0.0556138
86;1.64775;0.277442;-0.207404
86;2.24768;0.423744;0.188822
86;3.20217;0.155542;0.176219
86;2.27141;-0.0217606;2.30131
86;2.29745;0.0868848;2.33354
86;2.31752;0.201028;2.36512
86;2.3309;0.32097;2.39598
frame ; y ; z ; x 
87;0.0402654;0.0224475;-0.0748827
87;0.958912;0.268889;0.230295
87;1.60903;0.308584;-0.0086874
87;1.62248;0.392069;-0.160377
87;2.24768;0.423744;0.188822
87;2.26554;0.085678;2.30113
87;2.28577;0.198274;2.33273
87;2.2994;0.316633;2.3636
87;2.30558;0.441114;2.39365
87;0.0346282;0.0278008;-0.0754958
87;0.93452;0.310226;0.257892
87;1.59213;0.367502;-0.0103322
87;1.6006;0.454581;-0.162569
87;2.25402;0.19552;2.30033
87;2.15009;0.357311;2.41684
87;2.15108;0.482452;2.44768
87;2.14277;0.614502;2.47751
87;0.0435344;0.0181011;-0.0745327
87;0.971539;0.231001;0.231551
87;1.62064;0.254382;-0.0556138
87;1.64775;0.277442;-0.207404
87;2.24768;0.423744;0.188822
87;2.27141;-0.0217606;2.30131
87;2.29745;0.0868848;2.33354
87;2.31752;0.201028;2.36512
87;2.3309;0.32097;2.39598
frame ; y ; z ; x 
88;0.0402654;0.0224475;-0.0748827
88;0.958912;0.268889;0.230295
88;1.60903;0.308584;-0.0086874
88;1.63202;0.337339;-0.208911
88;2.22463;0.505972;0.186587
88;2.26554;0.085678;2.30113
88;2.28577;0.198274;2.33273
88;2.2994;0.316633;2.3636
88;2.30558;0.441114;2.39365
88;0.0346282;0.0278008;-0.0754958
88;0.93452;0.310226;0.257892
88;1.59213;0.367502;-0.0103322
88;1.6006;0.454581;-0.162569
88;2.22463;0.505972;0.186587
88;2.25402;0.19552;2.30033
88;2.15009;0.357311;2.41684
88;2.15108;0.482452;2.44768
88;2.14277;0.614502;2.47751
88;0.0435344;0.0181011;-0.0745327
88;0.971539;0.231001;0.231551
88;1.62064;0.254382;-0.0556138
88;1.64775;0.277442;-0.207404
88;2.24768;0.423744;0.188822
88;2.27141;-0.0217606;2.30131
88;2.29745;0.0868848;2.33354
88;2.31752;0.201028;2.36512
88;2.3309;0.32097;2.39598
frame ; y ; z ; x 
89;0.0402654;0.0224475;-0.0748827
89;0.958912;0.268889;0.230295
89;1.60903;0.308584;-0.0086874
89;1.63202;0.337339;-0.208911
89;2.24768;0.423744;0.188822
89;2.26554;0.085678;2.30113
89;2.28577;0.198274;2.33273
89;2.2994;0.316633;2.3636
89;2.30558;0.441114;2.39365
89;0.0346282;0.0278008;-0.0754958
89;0.93452;0.310226;0.257892
89;1.59213;0.367502;-0.0103322
89;1.6006;0.454581;-0.162569
89;2.22463;0.505972;0.186587
89;2.25402;0.19552;2.30033
89;2.15009;0.357311;2.41684
89;2.15108;0.482452;2.44768
89;2.14277;0.614502;2.47751
89;0.0435344;0.0181011;-0.0745327
89;1.62064;0.254382;-0.0556138
89;1.63202;0.337339;-0.208911
89;2.24768;0.423744;0.188822
89;2.27141;-0.0217606;2.30131
89;2.29745;0.0868848;2.33354
89;2.31752;0.201028;2.36512
89;2.3309;0.32097;2.39598
frame ; y ; z ; x 
90;0.0402654;0.0224475;-0.0748827
90;0.958912;0.268889;0.230295
90;1.60903;0.308584;-0.0086874
90;1.63202;0.337339;-0.208911
90;2.22463;0.505972;0.186587
90;2.26554;0.085678;2.30113
90;2.28577;0.198274;2.33273
90;2.2994;0.316633;2.3636
90;2.30558;0.441114;2.39365
90;0.0346282;0.0278008;-0.0754958
90;0.93452;0.310226;0.257892
90;1.59213;0.367502;-0.0103322
90;1.6006;0.454581;-0.162569
90;2.25402;0.19552;2.30033
90;2.15009;0.357311;2.41684
90;2.15108;0.482452;2.44768
90;2.14277;0.614502;2.47751
90;0.0435344;0.0181011;-0.0745327
90;0.971539;0.231001;0.231551
90;1.62064;0.254382;-0.0556138
90;1.64775;0.277442;-0.207404
90;2.24768;0.423744;0.188822
90;2.27141;-0.0217606;2.30131
90;2.29745;0.0868848;2.33354
90;2.31752;0.201028;2.36512
90;2.3309;0.32097;2.39598
frame ; y ; z ; x 
91;0.0402654;0.0224475;-0.0748827
91;1.60903;0.308584;-0.0086874
91;1.62248;0.392069;-0.160377
91;2.24768;0.423744;0.188822
91;2.26554;0.085678;2.30113
91;2.28577;0.198274;2.33273
91;2.2994;0.316633;2.3636
91;2.30558;0.441114;2.39365
91;0.0346282;0.0278008;-0.0754958
91;1.52737;0.410648;0.0812755
91;1.59213;0.367502;-0.0103322
91;1.6006;0.454581;-0.162569
91;2.22463;0.505972;0.186587
91;2.25402;0.19552;2.30033
91;2.15009;0.357311;2.41684
91;2.15108;0.482452;2.44768
91;2.14277;0.614502;2.47751
91;0.0435344;0.0181011;-0.0745327
91;0.971539;0.231001;0.231551
91;1.62064;0.254382;-0.0556138
91;1.64775;0.277442;-0.207404
91;2.24768;0.423744;0.188822
91;2.27141;-0.0217606;2.30131
91;2.29745;0.0868848;2.33354
91;2.31752;0.201028;2.36512
91;2.3309;0.32097;2.39598
frame ; y ; z ; x 
92;0.0402654;0.0224475;-0.0748827
92;0.958912;0.268889;0.230295
92;1.60903;0.308584;-0.0086874
92;1.63202;0.337339;-0.208911
92;2.26554;0.085678;2.30113
92;2.28577;0.198274;2.33273
92;2.2994;0.316633;2.3636
92;2.30558;0.441114;2.39365
92;0.0346282;0.0278008;-0.0754958
92;0.93452;0.310226;0.257892
92;1.59213;0.367502;-0.0103322
92;1.6006;0.454581;-0.162569
92;2.25402;0.19552;2.30033
92;2.15009;0.357311;2.41684
92;2.15108;0.482452;2.44768
92;2.14277;0.614502;2.47751
92;0.0435344;0.0181011;-0.0745327
92;0.971539;0.231001;0.231551
92;1.62064;0.254382;-0.0556138
92;1.64775;0.277442;-0.207404
92;2.24768;0.423744;0.188822
92;2.27141;-0.0217606;2.30131
92;2.29745;0.0868848;2.33354
92;2.31752;0.201028;2.36512
92;2.3309;0.32097;2.39598
frame ; y ; z ; x 
93;0.0402654;0.0224475;-0.0748827
93;0.958912;0.268889;0.230295
93;1.60903;0.308584;-0.0086874
93;1.63202;0.337339;-0.208911
93;2.24768;0.423744;0.188822
93;2.26554;0.085678;2.30113
93;2.28577;0.198274;2.33273
93;2.2994;0.316633;2.3636
93;2.30558;0.441114;2.39365
93;0.0346282;0.0278008;-0.0754958
93;0.93452;0.310226;0.257892
93;1.59213;0.367502;-0.0103322
93;1.6006;0.454581;-0.162569
93;2.22463;0.505972;0.186587
93;2.25402;0.19552;2.30033
93;2.15009;0.357311;2.41684
93;2.15108;0.482452;2.44768
93;2.14277;0.614502;2.47751
93;0.0435344;0.0181011;-0.0745327
93;0.971539;0.231001;0.231551
93;1.62064;0.254382;-0.0556138
93;1.64775;0.277442;-0.207404
93;2.24768;0.423744;0.188822
93;2.27141;-0.0217606;2.30131
93;2.29745;0.0868848;2.33354
93;2.31752;0.201028;2.36512
93;2.3309;0.32097;2.39598
frame ; y ; z ; x 
94;0.0402654;0.0224475;-0.0748827
94;0.958912;0.268889;0.230295
94;1.60903;0.308584;-0.0086874
94;1.63202;0.337339;-0.208911
94;2.26554;0.085678;2.30113
94;2.28577;0.198274;2.33273
94;2.2994;0.316633;2.3636
94;2.30558;0.441114;2.39365
94;0.0346282;0.0278008;-0.0754958
94;0.93452;0.310226;0.257892
94;1.59213;0.367502;-0.0103322
94;1.6006;0.454581;-0.162569
94;2.25402;0.19552;2.30033
94;2.15009;0.357311;2.41684
94;2.15108;0.482452;2.44768
94;2.14277;0.614502;2.47751
94;0.0272308;0.0251754;-0.0790866
94;0.971539;0.231001;0.231551
94;1.56373;0.29708;0.0382492
94;1.62064;0.254382;-0.0556138
94;1.64775;0.277442;-0.207404
94;2.24768;0.423744;0.188822
94;2.27141;-0.0217606;2.30131
94;2.29745;0.0868848;2.33354
94;2.31752;0.201028;2.36512
94;2.3309;0.32097;2.39598
frame ; y ; z ; x 
95;0.0402654;0.0224475;-0.0748827
95;0.958912;0.268889;0.230295
95;1.60903;0.308584;-0.0086874
95;1.63202;0.337339;-0.208911
95;2.24768;0.423744;0.188822
95;2.26554;0.085678;2.30113
95;2.28577;0.198274;2.33273
95;2.2994;0.316633;2.3636
95;2.30558;0.441114;2.39365
95;0.0346282;0.0278008;-0.0754958
95;1.59213;0.367502;-0.0103322
95;1.6006;0.454581;-0.162569
95;2.22463;0.505972;0.186587
95;2.25402;0.19552;2.30033
95;2.15009;0.357311;2.41684
95;2.15108;0.482452;2.44768
95;2.14277;0.614502;2.47751
95;0.0435344;0.0181011;-0.0745327
95;0.971539;0.231001;0.231551
95;1.62064;0.254382;-0.0556138
95;1.64775;0.277442;-0.207404
95;2.24768;0.423744;0.188822
95;2.27141;-0.0217606;2.30131
95;2.29745;0.0868848;2.33354
95;2.31752;0.201028;2.36512
95;2.3309;0.32097;2.39598
frame ; y ; z ; x 
96;0.0402654;0.0224475;-0.0748827
96;0.958912;0.268889;0.230295
96;1.60903;0.308584;-0.0086874
96;1.63202;0.337339;-0.208911
96;2.24768;0.423744;0.188822
96;2.26554;0.085678;2.30113
96;2.28577;0.198274;2.33273
96;2.2994;0.316633;2.3636
96;2.30558;0.441114;2.39365
96;0.0346282;0.0278008;-0.0754958
96;0.93452;0.310226;0.257892
96;1.59213;0.367502;-0.0103322
96;1.6006;0.454581;-0.162569
96;2.22463;0.505972;0.186587
96;2.25402;0.19552;2.30033
96;2.15009;0.357311;2.41684
96;2.15108;0.482452;2.44768
96;2.14277;0.614502;2.47751
96;0.0272308;0.0251754;-0.0790866
96;0.971539;0.231001;0.231551
96;1.62064;0.254382;-0.0556138
96;1.64775;0.277442;-0.207404
96;2.27141;-0.0217606;2.30131
96;2.29745;0.0868848;2.33354
96;2.31752;0.201028;2.36512
96;2.3309;0.32097;2.39598
frame ; y ; z ; x 
97;0.0402654;0.0224475;-0.0748827
97;0.958912;0.268889;0.230295
97;1.60903;0.308584;-0.0086874
97;1.63202;0.337339;-0.208911
97;2.26554;0.085678;2.30113
97;2.28577;0.198274;2.33273
97;2.2994;0.316633;2.3636
97;2.30558;0.441114;2.39365
97;0.0346282;0.0278008;-0.0754958
97;1.59213;0.367502;-0.0103322
97;1.6006;0.454581;-0.162569
97;2.22463;0.505972;0.186587
97;2.25402;0.19552;2.30033
97;2.15009;0.357311;2.41684
97;2.15108;0.482452;2.44768
97;2.14277;0.614502;2.47751
97;0.0435344;0.0181011;-0.0745327
97;0.971539;0.231001;0.231551
97;1.62064;0.254382;-0.0556138
97;1.64775;0.277442;-0.207404
97;2.27141;-0.0217606;2.30131
97;2.29745;0.0868848;2.33354
97;2.31752;0.201028;2.36512
97;2.3309;0.32097;2.39598
frame ; y ; z ; x 
98;0.0402654;0.0224475;-0.0748827
98;0.958912;0.268889;0.230295
98;1.60903;0.308584;-0.0086874
98;1.63202;0.337339;-0.208911
98;2.26554;0.085678;2.30113
98;2.28577;0.198274;2.33273
98;2.2994;0.316633;2.3636
98;2.30558;0.441114;2.39365
98;0.0346282;0.0278008;-0.0754958
98;0.93452;0.310226;0.257892
98;1.59213;0.367502;-0.0103322
98;1.6006;0.454581;-0.162569
98;2.22463;0.505972;0.186587
98;2.25402;0.19552;2.30033
98;2.15009;0.357311;2.41684
98;2.15108;0.482452;2.44768
98;2.14277;0.614502;2.47751
98;0.0435344;0.0181011;-0.0745327
98;0.971539;0.231001;0.231551
98;1.62064;0.254382;-0.0556138
98;1.64775;0.277442;-0.207404
98;2.24768;0.423744;0.188822
98;2.27141;-0.0217606;2.30131
98;2.29745;0.0868848;2.33354
98;2.31752;0.201028;2.36512
98;2.3309;0.32097;2.39598
frame ; y ; z ; x 
99;0.0402654;0.0224475;-0.0748827
99;0.958912;0.268889;0.230295
99;1.60903;0.308584;-0.0086874
99;1.63202;0.337339;-0.208911
99;2.24768;0.423744;0.188822
99;2.26554;0.085678;2.30113
99;2.28577;0.198274;2.33273
99;2.2994;0.316633;2.3636
99;2.30558;0.441114;2.39365
99;0.0346282;0.0278008;-0.0754958
99;0.93452;0.310226;0.257892
99;1.59213;0.367502;-0.0103322
99;1.6006;0.454581;-0.162569
99;2.22463;0.505972;0.186587
99;3.16701;0.366712;0.266445
99;2.25402;0.19552;2.30033
99;2.15009;0.357311;2.41684
99;2.15108;0.482452;2.44768
99;2.14277;0.614502;2.47751
99;0.0435344;0.0181011;-0.0745327
99;0.971539;0.231001;0.231551
99;1.62064;0.254382;-0.0556138
99;1.64775;0.277442;-0.207404
99;2.24768;0.423744;0.188822
99;2.27141;-0.0217606;2.30131
99;2.29745;0.0868848;2.33354
99;2.31752;0.201028;2.36512
99;2.3309;0.32097;2.39598
frame ; y ; z ; x 
100;0.0402654;0.0224475;-0.0748827
100;0.958912;0.268889;0.230295
100;1.60903;0.308584;-0.0086874
100;1.63202;0.337339;-0.208911
100;2.24768;0.423744;0.188822
100;2.26554;0.085678;2.30113
100;2.28577;0.198274;2.33273
100;2.2994;0.316633;2.3636
100;2.30558;0.441114;2.39365
100;0.0346282;0.0278008;-0.0754958
100;0.93452;0.310226;0.257892
100;1.59213;0.367502;-0.0103322
100;1.6006;0.454581;-0.162569
100;2.22463;0.505972;0.186587
100;2.25402;0.19552;2.30033
100;2.15009;0.357311;2.41684
100;2.15108;0.482452;2.44768
100;2.14277;0.614502;2.47751
100;0.0272308;0.0251754;-0.0790866
100;0.971539;0.231001;0.231551
100;1.62064;0.254382;-0.0556138
100;1.64775;0.277442;-0.207404
100;2.24768;0.423744;0.188822
100;2.27141;-0.0217606;2.30131
100;2.29745;0.0868848;2.33354
100;2.31752;0.201028;2.36512
100;2.3309;0.32097;2.39598
frame ; y ; z ; x 
101;0.0402654;0.0224475;-0.0748827
101;0.958912;0.268889;0.230295
101;1.60903;0.308584;-0.0086874
101;1.63202;0.337339;-0.208911
101;2.24768;0.423744;0.188822
101;2.26554;0.085678;2.30113
101;2.28577;0.198274;2.33273
101;2.2994;0.316633;2.3636
101;2.30558;0.441114;2.39365
101;0.0346282;0.0278008;-0.0754958
101;0.93452;0.310226;0.257892
101;1.59213;0.367502;-0.0103322
101;1.6006;0.454581;-0.162569
101;2.22463;0.505972;0.186587
101;2.25402;0.19552;2.30033
101;2.15009;0.357311;2.41684
101;2.15108;0.482452;2.44768
101;2.14277;0.614502;2.47751
101;0.0435344;0.0181011;-0.0745327
101;0.971539;0.231001;0.231551
101;1.62064;0.254382;-0.0556138
101;1.64775;0.277442;-0.207404
101;2.24768;0.423744;0.188822
101;2.27141;-0.0217606;2.30131
101;2.29745;0.0868848;2.33354
101;2.31752;0.201028;2.36512
101;2.3309;0.32097;2.39598
frame ; y ; z ; x 
102;0.0402654;0.0224475;-0.0748827
102;0.958912;0.268889;0.230295
102;1.60903;0.308584;-0.0086874
102;1.63202;0.337339;-0.208911
102;2.24768;0.423744;0.188822
102;2.26554;0.085678;2.30113
102;2.28577;0.198274;2.33273
102;2.2994;0.316633;2.3636
102;2.30558;0.441114;2.39365
102;0.0346282;0.0278008;-0.0754958
102;0.93452;0.310226;0.257892
102;1.59213;0.367502;-0.0103322
102;1.6006;0.454581;-0.162569
102;2.22463;0.505972;0.186587
102;2.25402;0.19552;2.30033
102;2.15009;0.357311;2.41684
102;2.15108;0.482452;2.44768
102;2.14277;0.614502;2.47751
102;0.0435344;0.0181011;-0.0745327
102;0.971539;0.231001;0.231551
102;1.62064;0.254382;-0.0556138
102;1.64775;0.277442;-0.207404
102;2.24768;0.423744;0.188822
102;2.27141;-0.0217606;2.30131
102;2.29745;0.0868848;2.33354
102;2.31752;0.201028;2.36512
102;2.3309;0.32097;2.39598
frame ; y ; z ; x 
103;0.0402654;0.0224475;-0.0748827
103;0.958912;0.268889;0.230295
103;1.60903;0.308584;-0.0086874
103;1.63202;0.337339;-0.208911
103;2.22463;0.505972;0.186587
103;2.26554;0.085678;2.30113
103;2.28577;0.198274;2.33273
103;2.2994;0.316633;2.3636
103;2.30558;0.441114;2.39365
103;0.0346282;0.0278008;-0.0754958
103;0.93452;0.310226;0.257892
103;1.59213;0.367502;-0.0103322
103;1.6006;0.454581;-0.162569
103;2.22463;0.505972;0.186587
103;2.25402;0.19552;2.30033
103;2.15009;0.357311;2.41684
103;2.15108;0.482452;2.44768
103;2.14277;0.614502;2.47751
103;0.0435344;0.0181011;-0.0745327
103;0.971539;0.231001;0.231551
103;1.62064;0.254382;-0.0556138
103;1.64775;0.277442;-0.207404
103;2.27141;-0.0217606;2.30131
103;2.29745;0.0868848;2.33354
103;2.31752;0.201028;2.36512
103;2.3309;0.32097;2.39598
frame ; y ; z ; x 
104;0.0402654;0.0224475;-0.0748827
104;0.958912;0.268889;0.230295
104;1.60903;0.308584;-0.0086874
104;1.63202;0.337339;-0.208911
104;2.24768;0.423744;0.188822
104;2.26554;0.085678;2.30113
104;2.28577;0.198274;2.33273
104;2.2994;0.316633;2.3636
104;2.30558;0.441114;2.39365
104;0.0346282;0.0278008;-0.0754958
104;0.93452;0.310226;0.257892
104;1.5465;0.352261;0.0831744
104;1.59213;0.367502;-0.0103322
104;1.6006;0.454581;-0.162569
104;2.22463;0.505972;0.186587
104;2.25402;0.19552;2.30033
104;2.15009;0.357311;2.41684
104;2.15108;0.482452;2.44768
104;2.14277;0.614502;2.47751
104;0.0272308;0.0251754;-0.0790866
104;0.971539;0.231001;0.231551
104;1.62064;0.254382;-0.0556138
104;1.64775;0.277442;-0.207404
104;2.24768;0.423744;0.188822
104;2.27141;-0.0217606;2.30131
104;2.29745;0.0868848;2.33354
104;2.31752;0.201028;2.36512
104;2.3309;0.32097;2.39598
frame ; y ; z ; x 
105;0.0402654;0.0224475;-0.0748827
105;0.958912;0.268889;0.230295
105;1.60903;0.308584;-0.0086874
105;1.62248;0.392069;-0.160377
105;2.22463;0.505972;0.186587
105;2.24768;0.423744;0.188822
105;2.26554;0.085678;2.30113
105;2.28577;0.198274;2.33273
105;2.2994;0.316633;2.3636
105;2.30558;0.441114;2.39365
105;0.0346282;0.0278008;-0.0754958
105;0.93452;0.310226;0.257892
105;1.59213;0.367502;-0.0103322
105;1.6006;0.454581;-0.162569
105;2.22463;0.505972;0.186587
105;2.25402;0.19552;2.30033
105;2.15009;0.357311;2.41684
105;2.15108;0.482452;2.44768
105;2.14277;0.614502;2.47751
105;0.0435344;0.0181011;-0.0745327
105;0.971539;0.231001;0.231551
105;1.62064;0.254382;-0.0556138
105;1.63202;0.337339;-0.208911
105;2.24768;0.423744;0.188822
105;2.27141;-0.0217606;2.30131
105;2.29745;0.0868848;2.33354
105;2.31752;0.201028;2.36512
105;2.3309;0.32097;2.39598
frame ; y ; z ; x 
106;0.0402654;0.0224475;-0.0748827
106;0.958912;0.268889;0.230295
106;1.60903;0.308584;-0.0086874
106;1.63202;0.337339;-0.208911
106;2.24768;0.423744;0.188822
106;2.26554;0.085678;2.30113
106;2.28577;0.198274;2.33273
106;2.2994;0.316633;2.3636
106;2.30558;0.441114;2.39365
106;0.0346282;0.0278008;-0.0754958
106;0.93452;0.310226;0.257892
106;1.59213;0.367502;-0.0103322
106;1.6006;0.454581;-0.162569
106;2.22463;0.505972;0.186587
106;2.25402;0.19552;2.30033
106;2.15009;0.357311;2.41684
106;2.15108;0.482452;2.44768
106;2.14277;0.614502;2.47751
106;0.0435344;0.0181011;-0.0745327
106;0.971539;0.231001;0.231551
106;1.62064;0.254382;-0.0556138
106;1.64775;0.277442;-0.207404
106;2.24768;0.423744;0.188822
106;2.27141;-0.0217606;2.30131
106;2.29745;0.0868848;2.33354
106;2.31752;0.201028;2.36512
106;2.3309;0.32097;2.39598
frame ; y ; z ; x 
107;0.0402654;0.0224475;-0.0748827
107;0.958912;0.268889;0.230295
107;1.60903;0.308584;-0.0086874
107;1.63202;0.337339;-0.208911
107;2.24768;0.423744;0.188822
107;2.26554;0.085678;2.30113
107;2.28577;0.198274;2.33273
107;2.2994;0.316633;2.3636
107;2.30558;0.441114;2.39365
107;0.0346282;0.0278008;-0.0754958
107;1.59213;0.367502;-0.0103322
107;1.6006;0.454581;-0.162569
107;2.22463;0.505972;0.186587
107;2.25402;0.19552;2.30033
107;2.15009;0.357311;2.41684
107;2.15108;0.482452;2.44768
107;2.14277;0.614502;2.47751
107;0.0435344;0.0181011;-0.0745327
107;0.971539;0.231001;0.231551
107;1.62064;0.254382;-0.0556138
107;1.63202;0.337339;-0.208911
107;2.24768;0.423744;0.188822
107;2.27141;-0.0217606;2.30131
107;2.29745;0.0868848;2.33354
107;2.31752;0.201028;2.36512
107;2.3309;0.32097;2.39598
frame ; y ; z ; x 
108;0.0402654;0.0224475;-0.0748827
108;0.958912;0.268889;0.230295
108;1.60903;0.308584;-0.0086874
108;1.63202;0.337339;-0.208911
108;2.24768;0.423744;0.188822
108;2.26554;0.085678;2.30113
108;2.28577;0.198274;2.33273
108;2.2994;0.316633;2.3636
108;2.30558;0.441114;2.39365
108;0.0346282;0.0278008;-0.0754958
108;0.93452;0.310226;0.257892
108;1.52737;0.410648;0.0812755
108;1.59213;0.367502;-0.0103322
108;1.6006;0.454581;-0.162569
108;2.22463;0.505972;0.186587
108;2.25402;0.19552;2.30033
108;2.15009;0.357311;2.41684
108;2.15108;0.482452;2.44768
108;2.14277;0.614502;2.47751
108;0.0272308;0.0251754;-0.0790866
108;0.0435344;0.0181011;-0.0745327
108;0.971539;0.231001;0.231551
108;1.62064;0.254382;-0.0556138
108;1.64775;0.277442;-0.207404
108;2.24768;0.423744;0.188822
108;2.27141;-0.0217606;2.30131
108;2.29745;0.0868848;2.33354
108;2.31752;0.201028;2.36512
108;2.3309;0.32097;2.39598
frame ; y ; z ; x 
109;0.0402654;0.0224475;-0.0748827
109;0.958912;0.268889;0.230295
109;1.60903;0.308584;-0.0086874
109;1.63202;0.337339;-0.208911
109;2.24768;0.423744;0.188822
109;2.26554;0.085678;2.30113
109;2.28577;0.198274;2.33273
109;2.2994;0.316633;2.3636
109;2.30558;0.441114;2.39365
109;0.0346282;0.0278008;-0.0754958
109;0.93452;0.310226;0.257892
109;1.59213;0.367502;-0.0103322
109;1.6006;0.454581;-0.162569
109;2.22463;0.505972;0.186587
109;2.25402;0.19552;2.30033
109;2.15009;0.357311;2.41684
109;2.15108;0.482452;2.44768
109;2.14277;0.614502;2.47751
109;0.0435344;0.0181011;-0.0745327
109;0.971539;0.231001;0.231551
109;1.62064;0.254382;-0.0556138
109;1.64775;0.277442;-0.207404
109;2.27141;-0.0217606;2.30131
109;2.29745;0.0868848;2.33354
109;2.31752;0.201028;2.36512
109;2.3309;0.32097;2.39598
